,REC_AB,PREC_AB,F1_AB,REC_A,PREC_A,F1_A,REC_B,PREC_B,F1_B
0,0.27647058823529413,0.35983510011778563,0.31269191402251795,0.3967696629213483,0.44841269841269843,0.42101341281669147,0.058524173027989825,0.1050228310502283,0.07516339869281045
